{"cameraMode":{"drawMode":0,"name":"Shaded","section":"Shading Mode"},"sceneLighting":false,"audioPlay":false,"sceneViewState":{"m_AlwaysRefresh":false,"showFog":true,"showSkybox":false,"showFlares":true,"showImageEffects":true,"showParticleSystems":true,"showVisualEffectGraphs":true,"m_FxEnabled":true},"in2DMode":false,"pivot":{"x":1.2899056673049927,"y":0.5517337918281555,"z":1.4994138479232789},"rotation":{"x":0.13413630425930024,"y":-0.7618382573127747,"z":0.16717293858528138,"w":0.6112844944000244},"size":0.8660253882408142,"orthographic":false}